<application>
  <component name="LocalDatabaseDriverManager" version="201">
    <driver id="clickhouse">
      <artifact id="ClickHouse" name="ClickHouse" use="true" version="0.3.1" />
    </driver>
    <driver id="mariadb">
      <artifact id="MariaDB Connector J" name="MariaDB Connector J" use="true" version="2.7.3" />
    </driver>
    <driver id="mysql.8">
      <artifact id="MySQL Connector/J" name="MySQL Connector/J" use="true" version="8.0.25" />
    </driver>
    <driver id="postgresql">
      <artifact id="PostgreSQL" name="PostgreSQL" use="true" version="42.6.0" />
    </driver>
    <driver id="cockroach">
      <artifact id="PostgreSQL" name="PostgreSQL" use="true" version="42.6.0" />
    </driver>
  </component>
</application>