<application>
  <component name="FileTypeManager" version="18">
    <extensionMap>
      <mapping pattern="wait" type="AUTO_DETECTED" />
      <mapping pattern="zipalign" type="AUTO_DETECTED" />
      <mapping pattern=".gitkeep" type="PLAIN_TEXT" />
      <mapping ext="example" type="PLAIN_TEXT" />
      <mapping ext="key" type="PLAIN_TEXT" />
      <mapping ext="priv" type="PLAIN_TEXT" />
      <mapping ext="env" type="PLAIN_TEXT" />
      <removed_mapping ext="j2" approved="true" type="PLAIN_TEXT" />
      <removed_mapping ext="pdf" approved="true" type="Native" />
    </extensionMap>
  </component>
</application>