<application>
  <component name="NodeJsLocalInterpreterManager">
    <local-interpreter path="/bin/node" />
    <local-interpreter path="/usr/bin/node" />
    <local-interpreter path="$USER_HOME$/.nvm/versions/node/v13.14.0/bin/node" />
    <local-interpreter path="$USER_HOME$/.nvm/versions/node/v12.19.0/bin/node" />
    <local-interpreter path="$USER_HOME$/.nvm/versions/node/v11.15.0/bin/node" />
    <local-interpreter path="$USER_HOME$/.nvm/versions/node/v10.19.0/bin/node" />
    <local-interpreter path="$USER_HOME$/.nvm/versions/node/v9.11.2/bin/node" />
    <local-interpreter path="$USER_HOME$/.nvm/versions/node/v8.17.0/bin/node" />
  </component>
</application>