<application>
  <component name="DimensionService">
    <location key="find.popup.0.0.3000.2000@192dpi" x="1062" y="436" />
    <location key="GridCell.Tab.2.left.0.0.3000.2000@192dpi" x="0" y="1196" />
    <location key="GridCell.Tab.2.center.0.0.3000.2000@192dpi" x="0" y="1196" />
    <location key="GridCell.Tab.2.right.0.0.3000.2000@192dpi" x="0" y="1196" />
    <location key="GridCell.Tab.2.bottom.0.0.3000.2000@192dpi" x="0" y="1196" />
    <location key="GridCell.Tab.3.left.0.0.3000.2000@192dpi" x="0" y="1196" />
    <location key="GridCell.Tab.3.center.0.0.3000.2000@192dpi" x="0" y="1196" />
    <location key="GridCell.Tab.3.right.0.0.3000.2000@192dpi" x="0" y="1196" />
    <location key="GridCell.Tab.3.bottom.0.0.3000.2000@192dpi" x="0" y="1196" />
    <size key="find.popup.0.0.3000.2000@192dpi" width="1782" height="1168" />
    <size key="GridCell.Tab.0.left.0.0.3000.2000@192dpi" width="2836" height="556" />
    <size key="GridCell.Tab.0.center.0.0.3000.2000@192dpi" width="2836" height="556" />
    <size key="GridCell.Tab.0.right.0.0.3000.2000@192dpi" width="2836" height="556" />
    <size key="GridCell.Tab.0.bottom.0.0.3000.2000@192dpi" width="2836" height="556" />
    <size key="GridCell.Tab.1.left.0.0.3000.2000@192dpi" width="2000" height="986" />
    <size key="GridCell.Tab.1.center.0.0.3000.2000@192dpi" width="2000" height="986" />
    <size key="GridCell.Tab.1.right.0.0.3000.2000@192dpi" width="2000" height="986" />
    <size key="GridCell.Tab.1.bottom.0.0.3000.2000@192dpi" width="2000" height="986" />
    <size key="GridCell.Tab.-1.left.0.0.3000.2000@192dpi" width="2916" height="482" />
    <size key="GridCell.Tab.-1.center.0.0.3000.2000@192dpi" width="2916" height="482" />
    <size key="GridCell.Tab.-1.right.0.0.3000.2000@192dpi" width="2916" height="482" />
    <size key="GridCell.Tab.-1.bottom.0.0.3000.2000@192dpi" width="2916" height="482" />
    <size key="GridCell.Tab.2.left.0.0.3000.2000@192dpi" width="2858" height="424" />
    <size key="GridCell.Tab.2.center.0.0.3000.2000@192dpi" width="2858" height="424" />
    <size key="GridCell.Tab.2.right.0.0.3000.2000@192dpi" width="2858" height="424" />
    <size key="GridCell.Tab.2.bottom.0.0.3000.2000@192dpi" width="2858" height="424" />
    <size key="GridCell.Tab.3.left.0.0.3000.2000@192dpi" width="2858" height="424" />
    <size key="GridCell.Tab.3.center.0.0.3000.2000@192dpi" width="2858" height="424" />
    <size key="GridCell.Tab.3.right.0.0.3000.2000@192dpi" width="2858" height="424" />
    <size key="GridCell.Tab.3.bottom.0.0.3000.2000@192dpi" width="2858" height="424" />
  </component>
  <component name="WindowManager">
    <frame x="0" y="0" width="1500" height="970" extendedState="6" />
  </component>
  <component name="WindowStateApplicationService">
    <state x="0" y="598" key="GridCell.Tab.2.bottom" timestamp="1733385975031">
      <screen x="0" y="0" width="1500" height="970" />
    </state>
    <state x="0" y="598" key="GridCell.Tab.2.bottom/0.0.1500.970" timestamp="1733385975031" />
    <state x="0" y="598" key="GridCell.Tab.2.center" timestamp="1733385975031">
      <screen x="0" y="0" width="1500" height="970" />
    </state>
    <state x="0" y="598" key="GridCell.Tab.2.center/0.0.1500.970" timestamp="1733385975031" />
    <state x="0" y="598" key="GridCell.Tab.2.left" timestamp="1733385975031">
      <screen x="0" y="0" width="1500" height="970" />
    </state>
    <state x="0" y="598" key="GridCell.Tab.2.left/0.0.1500.970" timestamp="1733385975031" />
    <state x="0" y="598" key="GridCell.Tab.2.right" timestamp="1733385975031">
      <screen x="0" y="0" width="1500" height="970" />
    </state>
    <state x="0" y="598" key="GridCell.Tab.2.right/0.0.1500.970" timestamp="1733385975031" />
    <state x="0" y="598" key="GridCell.Tab.3.bottom" timestamp="1733385975029">
      <screen x="0" y="0" width="1500" height="970" />
    </state>
    <state x="0" y="598" key="GridCell.Tab.3.bottom/0.0.1500.970" timestamp="1733385975029" />
    <state x="0" y="598" key="GridCell.Tab.3.center" timestamp="1733385975028">
      <screen x="0" y="0" width="1500" height="970" />
    </state>
    <state x="0" y="598" key="GridCell.Tab.3.center/0.0.1500.970" timestamp="1733385975028" />
    <state x="0" y="598" key="GridCell.Tab.3.left" timestamp="1733385975028">
      <screen x="0" y="0" width="1500" height="970" />
    </state>
    <state x="0" y="598" key="GridCell.Tab.3.left/0.0.1500.970" timestamp="1733385975028" />
    <state x="0" y="598" key="GridCell.Tab.3.right" timestamp="1733385975028">
      <screen x="0" y="0" width="1500" height="970" />
    </state>
    <state x="0" y="598" key="GridCell.Tab.3.right/0.0.1500.970" timestamp="1733385975028" />
    <state width="731" height="135" key="ShowUsagesActions.dimensionServiceKey" timestamp="1740995847345">
      <screen x="0" y="0" width="1500" height="970" />
    </state>
    <state width="731" height="135" key="ShowUsagesActions.dimensionServiceKey/0.0.1500.970" timestamp="1740995847345" />
    <state width="300" height="424" key="Vcs.CompareWithSelectedRevision.Popup" timestamp="1732716556367">
      <screen x="0" y="0" width="1500" height="970" />
    </state>
    <state width="300" height="424" key="Vcs.CompareWithSelectedRevision.Popup/0.0.1500.970" timestamp="1732716556367" />
    <state x="750" y="431" width="800" height="650" key="WELCOME_SCREEN" timestamp="1734955174986">
      <screen x="0" y="0" width="1500" height="970" />
    </state>
    <state x="750" y="431" width="800" height="650" key="WELCOME_SCREEN/0.0.1500.970" timestamp="1734955174986" />
    <state width="300" height="509" key="manage.recent.projects.popup" timestamp="1738861962674">
      <screen x="0" y="0" width="1500" height="970" />
    </state>
    <state width="300" height="509" key="manage.recent.projects.popup/0.0.1500.970" timestamp="1738861962674" />
  </component>
</application>