<application>
  <component name="DimensionService">
    <location key="find.popup.0.0.3000.2000@192dpi" x="1062" y="436" />
    <location key="GridCell.Tab.2.left.0.0.3000.2000@192dpi" x="0" y="1196" />
    <location key="GridCell.Tab.2.center.0.0.3000.2000@192dpi" x="0" y="1196" />
    <location key="GridCell.Tab.2.right.0.0.3000.2000@192dpi" x="0" y="1196" />
    <location key="GridCell.Tab.2.bottom.0.0.3000.2000@192dpi" x="0" y="1196" />
    <location key="GridCell.Tab.3.left.0.0.3000.2000@192dpi" x="0" y="1196" />
    <location key="GridCell.Tab.3.center.0.0.3000.2000@192dpi" x="0" y="1196" />
    <location key="GridCell.Tab.3.right.0.0.3000.2000@192dpi" x="0" y="1196" />
    <location key="GridCell.Tab.3.bottom.0.0.3000.2000@192dpi" x="0" y="1196" />
    <size key="find.popup.0.0.3000.2000@192dpi" width="1300" height="1152" />
    <size key="GridCell.Tab.0.left.0.0.3000.2000@192dpi" width="2836" height="556" />
    <size key="GridCell.Tab.0.center.0.0.3000.2000@192dpi" width="2836" height="556" />
    <size key="GridCell.Tab.0.right.0.0.3000.2000@192dpi" width="2836" height="556" />
    <size key="GridCell.Tab.0.bottom.0.0.3000.2000@192dpi" width="2836" height="556" />
    <size key="GridCell.Tab.1.left.0.0.3000.2000@192dpi" width="2836" height="556" />
    <size key="GridCell.Tab.1.center.0.0.3000.2000@192dpi" width="2836" height="556" />
    <size key="GridCell.Tab.1.right.0.0.3000.2000@192dpi" width="2836" height="556" />
    <size key="GridCell.Tab.1.bottom.0.0.3000.2000@192dpi" width="2836" height="556" />
    <size key="GridCell.Tab.-1.left.0.0.3000.2000@192dpi" width="2916" height="482" />
    <size key="GridCell.Tab.-1.center.0.0.3000.2000@192dpi" width="2916" height="482" />
    <size key="GridCell.Tab.-1.right.0.0.3000.2000@192dpi" width="2916" height="482" />
    <size key="GridCell.Tab.-1.bottom.0.0.3000.2000@192dpi" width="2916" height="482" />
    <size key="GridCell.Tab.2.left.0.0.3000.2000@192dpi" width="2858" height="424" />
    <size key="GridCell.Tab.2.center.0.0.3000.2000@192dpi" width="2858" height="424" />
    <size key="GridCell.Tab.2.right.0.0.3000.2000@192dpi" width="2858" height="424" />
    <size key="GridCell.Tab.2.bottom.0.0.3000.2000@192dpi" width="2858" height="424" />
    <size key="GridCell.Tab.3.left.0.0.3000.2000@192dpi" width="2858" height="424" />
    <size key="GridCell.Tab.3.center.0.0.3000.2000@192dpi" width="2858" height="424" />
    <size key="GridCell.Tab.3.right.0.0.3000.2000@192dpi" width="2858" height="424" />
    <size key="GridCell.Tab.3.bottom.0.0.3000.2000@192dpi" width="2858" height="424" />
  </component>
  <component name="WindowManager">
    <frame x="0" y="0" width="1500" height="970" extendedState="6" />
  </component>
  <component name="WindowStateApplicationService">
    <state width="495" height="111" key="ShowUsagesActions.dimensionServiceKey" timestamp="1752948784963">
      <screen x="0" y="0" width="1500" height="970" />
    </state>
    <state width="495" height="111" key="ShowUsagesActions.dimensionServiceKey/0.0.1500.970" timestamp="1752948784963" />
  </component>
</application>