<code_scheme name="Default" version="173">
  <GoCodeStyleSettings>
    <option name="RUN_GO_FMT_ON_REFORMAT" value="false" />
    <option name="IMPORT_SORTING" value="GOIMPORTS" />
    <option name="MOVE_ALL_IMPORTS_IN_ONE_DECLARATION" value="true" />
    <option name="MOVE_ALL_STDLIB_IMPORTS_IN_ONE_GROUP" value="true" />
    <option name="GROUP_STDLIB_IMPORTS" value="true" />
    <option name="LOCAL_PACKAGE_PREFIXES" />
  </GoCodeStyleSettings>
  <editorconfig>
    <option name="ENABLED" value="false" />
  </editorconfig>
</code_scheme>