<application>
  <component name="dataSourceStorage" format="xml" multifile-model="true">
    <data-source source="LOCAL" name="bouncer-infra" uuid="4a1fa90a-6750-4ee0-aace-87ba5d5ee5bd">
      <driver-ref>postgresql</driver-ref>
      <synchronize>true</synchronize>
      <jdbc-driver>org.postgresql.Driver</jdbc-driver>
      <jdbc-url>jdbc:postgresql://prodpostgres23340-55966z503.h.o3.ru:6532/bouncer-infra</jdbc-url>
      <jdbc-additional-properties>
        <property name="com.intellij.clouds.kubernetes.db.host.port" />
        <property name="com.intellij.clouds.kubernetes.db.enabled" value="false" />
        <property name="com.intellij.clouds.kubernetes.db.container.port" />
      </jdbc-additional-properties>
      <working-dir>$ProjectFileDir$</working-dir>
    </data-source>
    <data-source source="LOCAL" name="bouncer-prod" uuid="f92874a5-ff57-474d-bec2-a20cd33018eb">
      <driver-ref>postgresql</driver-ref>
      <synchronize>true</synchronize>
      <jdbc-driver>org.postgresql.Driver</jdbc-driver>
      <jdbc-url>jdbc:postgresql://prodpostgres25241-90130z504.h.o3.ru:6532/bouncer-prod</jdbc-url>
      <jdbc-additional-properties>
        <property name="com.intellij.clouds.kubernetes.db.host.port" />
        <property name="com.intellij.clouds.kubernetes.db.enabled" value="false" />
        <property name="com.intellij.clouds.kubernetes.db.resource.type" value="Deployment" />
        <property name="com.intellij.clouds.kubernetes.db.container.port" />
      </jdbc-additional-properties>
      <working-dir>$ProjectFileDir$</working-dir>
    </data-source>
    <data-source source="LOCAL" name="bouncer-stg" uuid="35d669c8-1a2e-48a9-aa80-f2944eea2a23">
      <driver-ref>postgresql</driver-ref>
      <synchronize>true</synchronize>
      <jdbc-driver>org.postgresql.Driver</jdbc-driver>
      <jdbc-url>jdbc:postgresql://pg-entrypoint-service.stg.h.o3.ru:6532/bouncer-stg</jdbc-url>
      <jdbc-additional-properties>
        <property name="com.intellij.clouds.kubernetes.db.host.port" />
        <property name="com.intellij.clouds.kubernetes.db.enabled" value="false" />
        <property name="com.intellij.clouds.kubernetes.db.resource.type" value="Deployment" />
        <property name="com.intellij.clouds.kubernetes.db.container.port" />
      </jdbc-additional-properties>
      <working-dir>$ProjectFileDir$</working-dir>
    </data-source>
    <data-source source="LOCAL" name="bouncer-dev" uuid="128393a4-24c8-4f00-9599-9d52bcc7c6bf">
      <driver-ref>postgresql</driver-ref>
      <synchronize>true</synchronize>
      <jdbc-driver>org.postgresql.Driver</jdbc-driver>
      <jdbc-url>jdbc:postgresql://pg-entrypoint-service.stg.h.o3.ru:6532/bouncer-dev</jdbc-url>
      <jdbc-additional-properties>
        <property name="com.intellij.clouds.kubernetes.db.host.port" />
        <property name="com.intellij.clouds.kubernetes.db.enabled" value="false" />
        <property name="com.intellij.clouds.kubernetes.db.resource.type" value="Deployment" />
        <property name="com.intellij.clouds.kubernetes.db.container.port" />
      </jdbc-additional-properties>
      <working-dir>$ProjectFileDir$</working-dir>
    </data-source>
  </component>
</application>