<application>
  <component name="Trusted.Paths">
    <option name="TRUSTED_PROJECT_PATHS">
      <map>
        <entry key="$USER_HOME$/GolandProjects/awesomeProject" value="true" />
        <entry key="$USER_HOME$/GolandProjects/awesomeProject1" value="true" />
        <entry key="$USER_HOME$/Projects" value="true" />
        <entry key="$USER_HOME$/Projects/backups-sync" value="true" />
        <entry key="$USER_HOME$/Projects/beq/db-comparator" value="true" />
        <entry key="$USER_HOME$/Projects/boris" value="true" />
        <entry key="$USER_HOME$/Projects/garda/anaconda-go" value="true" />
        <entry key="$USER_HOME$/Projects/garda/cpm" value="true" />
        <entry key="$USER_HOME$/Projects/garda/cs-mock" value="true" />
        <entry key="$USER_HOME$/Projects/garda/otter" value="true" />
        <entry key="$USER_HOME$/Projects/garda/pcef-api" value="true" />
        <entry key="$USER_HOME$/Projects/garda/pcrf-mock" value="true" />
        <entry key="$USER_HOME$/Projects/garda/rlb" value="true" />
        <entry key="$USER_HOME$/Projects/go-nahui" value="true" />
        <entry key="$USER_HOME$/Projects/go-rest-service-example" value="true" />
        <entry key="$USER_HOME$/Projects/gonah" value="true" />
        <entry key="$USER_HOME$/Projects/hoddler" value="true" />
        <entry key="$USER_HOME$/Projects/impay" value="true" />
        <entry key="$USER_HOME$/Projects/insta-phone" value="true" />
        <entry key="$USER_HOME$/Projects/iq/api" value="true" />
        <entry key="$USER_HOME$/Projects/never-stop-learning" value="true" />
        <entry key="$USER_HOME$/Projects/never-stop-learning/gitlab/piska" value="true" />
        <entry key="$USER_HOME$/Projects/never-stop-learning/gonah" value="true" />
        <entry key="$USER_HOME$/Projects/secret_chat_go" value="true" />
        <entry key="$USER_HOME$/Projects/wasm" value="true" />
        <entry key="$USER_HOME$/Projects/weekOnMenu" value="true" />
        <entry key="$USER_HOME$/Projects/wild-workouts-go-ddd-example" value="true" />
        <entry key="$USER_HOME$/Projects/wix" value="true" />
        <entry key="$USER_HOME$/Projects/wix/go-wkhtmltopdf" value="true" />
        <entry key="$USER_HOME$/Projects/wix/med-api" value="true" />
        <entry key="$USER_HOME$/Projects/wix/network-apk" value="true" />
        <entry key="$USER_HOME$/Projects/wix/network-backend" value="true" />
        <entry key="$USER_HOME$/Projects/wix/network-btc" value="true" />
        <entry key="$USER_HOME$/Projects/wix/proxy-api" value="true" />
        <entry key="$USER_HOME$/Projects/wix/wixum-server" value="true" />
        <entry key="$USER_HOME$/Projects/wix/yahoo-api" value="true" />
        <entry key="$USER_HOME$/dotfiles" value="true" />
        <entry key="$USER_HOME$/projects/bouncer" value="true" />
        <entry key="$USER_HOME$/projects/collector" value="true" />
        <entry key="$USER_HOME$/projects/memorystorage" value="true" />
        <entry key="$USER_HOME$/projects/never" value="true" />
        <entry key="$USER_HOME$/projects/onboarding-alemarkins" value="true" />
        <entry key="$USER_HOME$/projects/opentelemetry-collector" value="true" />
        <entry key="$USER_HOME$/projects/query-proxy" value="true" />
        <entry key="$USER_HOME$/projects/seq-db" value="true" />
        <entry key="$USER_HOME$/projects/tested-traced-app" value="true" />
        <entry key="$USER_HOME$/projects/trace-sender" value="true" />
        <entry key="$USER_HOME$/projects/tracing" value="true" />
        <entry key="$USER_HOME$/projects/xxx" value="true" />
        <entry key="/tmp/springBoot-lesson4" value="true" />
      </map>
    </option>
  </component>
  <component name="Trusted.Paths.Settings">
    <option name="TRUSTED_PATHS">
      <list>
        <option value="$USER_HOME$/Projects/wix" />
        <option value="$USER_HOME$/projects" />
      </list>
    </option>
  </component>
</application>