<application>
  <component name="DimensionService">
    <location key="find.popup.0.0.3000.2000@192dpi" x="1062" y="436" />
    <location key="GridCell.Tab.2.left.0.0.3000.2000@192dpi" x="0" y="1196" />
    <location key="GridCell.Tab.2.center.0.0.3000.2000@192dpi" x="0" y="1196" />
    <location key="GridCell.Tab.2.right.0.0.3000.2000@192dpi" x="0" y="1196" />
    <location key="GridCell.Tab.2.bottom.0.0.3000.2000@192dpi" x="0" y="1196" />
    <location key="GridCell.Tab.3.left.0.0.3000.2000@192dpi" x="0" y="1196" />
    <location key="GridCell.Tab.3.center.0.0.3000.2000@192dpi" x="0" y="1196" />
    <location key="GridCell.Tab.3.right.0.0.3000.2000@192dpi" x="0" y="1196" />
    <location key="GridCell.Tab.3.bottom.0.0.3000.2000@192dpi" x="0" y="1196" />
    <location key="find.popup.0.0.3024.1964@192dpi" x="1040" y="296" />
    <size key="find.popup.0.0.3000.2000@192dpi" width="1782" height="1168" />
    <size key="GridCell.Tab.0.left.0.0.3000.2000@192dpi" width="2836" height="556" />
    <size key="GridCell.Tab.0.center.0.0.3000.2000@192dpi" width="2836" height="556" />
    <size key="GridCell.Tab.0.right.0.0.3000.2000@192dpi" width="2836" height="556" />
    <size key="GridCell.Tab.0.bottom.0.0.3000.2000@192dpi" width="2836" height="556" />
    <size key="GridCell.Tab.1.left.0.0.3000.2000@192dpi" width="2000" height="986" />
    <size key="GridCell.Tab.1.center.0.0.3000.2000@192dpi" width="2000" height="986" />
    <size key="GridCell.Tab.1.right.0.0.3000.2000@192dpi" width="2000" height="986" />
    <size key="GridCell.Tab.1.bottom.0.0.3000.2000@192dpi" width="2000" height="986" />
    <size key="GridCell.Tab.-1.left.0.0.3000.2000@192dpi" width="2916" height="482" />
    <size key="GridCell.Tab.-1.center.0.0.3000.2000@192dpi" width="2916" height="482" />
    <size key="GridCell.Tab.-1.right.0.0.3000.2000@192dpi" width="2916" height="482" />
    <size key="GridCell.Tab.-1.bottom.0.0.3000.2000@192dpi" width="2916" height="482" />
    <size key="GridCell.Tab.2.left.0.0.3000.2000@192dpi" width="2858" height="424" />
    <size key="GridCell.Tab.2.center.0.0.3000.2000@192dpi" width="2858" height="424" />
    <size key="GridCell.Tab.2.right.0.0.3000.2000@192dpi" width="2858" height="424" />
    <size key="GridCell.Tab.2.bottom.0.0.3000.2000@192dpi" width="2858" height="424" />
    <size key="GridCell.Tab.3.left.0.0.3000.2000@192dpi" width="2858" height="424" />
    <size key="GridCell.Tab.3.center.0.0.3000.2000@192dpi" width="2858" height="424" />
    <size key="GridCell.Tab.3.right.0.0.3000.2000@192dpi" width="2858" height="424" />
    <size key="GridCell.Tab.3.bottom.0.0.3000.2000@192dpi" width="2858" height="424" />
    <size key="find.popup.0.0.3024.1964@192dpi" width="1298" height="1112" />
    <size key="GridCell.Tab.0.left.0.0.3024.1964@192dpi" width="2860" height="754" />
    <size key="GridCell.Tab.0.center.0.0.3024.1964@192dpi" width="2860" height="754" />
    <size key="GridCell.Tab.0.right.0.0.3024.1964@192dpi" width="2860" height="754" />
    <size key="GridCell.Tab.0.bottom.0.0.3024.1964@192dpi" width="2860" height="754" />
    <size key="GridCell.Tab.1.left.0.0.3024.1964@192dpi" width="2860" height="754" />
    <size key="GridCell.Tab.1.center.0.0.3024.1964@192dpi" width="2860" height="754" />
    <size key="GridCell.Tab.1.right.0.0.3024.1964@192dpi" width="2860" height="754" />
    <size key="GridCell.Tab.1.bottom.0.0.3024.1964@192dpi" width="2860" height="754" />
  </component>
  <component name="WindowManager">
    <frame x="0" y="37" width="1512" height="945" extendedState="6" fullScreen="true" />
  </component>
  <component name="WindowStateApplicationService">
    <state width="698" height="183" key="ShowUsagesActions.dimensionServiceKey" timestamp="1753864489771">
      <screen x="0" y="32" width="1512" height="950" />
    </state>
    <state width="698" height="183" key="ShowUsagesActions.dimensionServiceKey/0.32.1512.950" timestamp="1753864489771" />
    <state width="300" height="439" key="Vcs.CompareWithSelectedRevision.Popup" timestamp="1747754475793">
      <screen x="0" y="32" width="1512" height="950" />
    </state>
    <state width="300" height="439" key="Vcs.CompareWithSelectedRevision.Popup/0.32.1512.950" timestamp="1747754475793" />
    <state x="756" y="464" width="800" height="675" key="WELCOME_SCREEN" timestamp="1752752888780">
      <screen x="0" y="38" width="1512" height="944" />
    </state>
    <state x="756" y="464" width="800" height="675" key="WELCOME_SCREEN/0.38.1512.944" timestamp="1752752888780" />
  </component>
</application>