<keymap version="1" name="XWin copy" parent="Default for XWin">
  <action id="Arrangement.Rule.Edit" />
  <action id="Back">
    <keyboard-shortcut first-keystroke="ctrl alt left" />
    <mouse-shortcut keystroke="button4" />
    <keyboard-shortcut first-keystroke="alt open_bracket" />
  </action>
  <action id="BookmarksView.Rename" />
  <action id="ChangesView.Rename">
    <keyboard-shortcut first-keystroke="shift f6" />
  </action>
  <action id="CompareClipboardWithSelection">
    <keyboard-shortcut first-keystroke="shift ctrl x" />
  </action>
  <action id="Console.TableResult.EditValue">
    <keyboard-shortcut first-keystroke="enter" />
    <keyboard-shortcut first-keystroke="alt enter" />
  </action>
  <action id="DatabaseView.SqlGenerator" />
  <action id="FileStructurePopup">
    <keyboard-shortcut first-keystroke="ctrl f12" />
    <keyboard-shortcut first-keystroke="alt e" />
  </action>
  <action id="Forward">
    <keyboard-shortcut first-keystroke="ctrl alt right" />
    <mouse-shortcut keystroke="button5" />
    <keyboard-shortcut first-keystroke="alt close_bracket" />
  </action>
  <action id="Git.Add">
    <keyboard-shortcut first-keystroke="ctrl alt a" />
    <keyboard-shortcut first-keystroke="alt a" />
  </action>
  <action id="Git.Branches">
    <keyboard-shortcut first-keystroke="shift ctrl back_quote" />
    <keyboard-shortcut first-keystroke="ctrl alt g" />
    <keyboard-shortcut first-keystroke="ctrl g" />
  </action>
  <action id="Git.CompareWithBranch">
    <keyboard-shortcut first-keystroke="shift ctrl q" />
  </action>
  <action id="Git.CreateNewBranch">
    <keyboard-shortcut first-keystroke="alt g" />
  </action>
  <action id="Git.Rename.Local.Branch">
    <keyboard-shortcut first-keystroke="shift f6" />
  </action>
  <action id="Git.Reword.Commit">
    <keyboard-shortcut first-keystroke="shift f6" />
  </action>
  <action id="Github.PullRequest.Diff.Comment.Create" />
  <action id="GoGenerateFileAction" />
  <action id="GotoDeclaration">
    <keyboard-shortcut first-keystroke="ctrl b" />
    <mouse-shortcut keystroke="control button1" />
    <keyboard-shortcut first-keystroke="alt m" />
  </action>
  <action id="GotoFile">
    <keyboard-shortcut first-keystroke="shift ctrl n" />
    <keyboard-shortcut first-keystroke="alt p" />
  </action>
  <action id="GotoImplementation">
    <keyboard-shortcut first-keystroke="ctrl alt b" />
    <mouse-shortcut keystroke="control alt button1" />
    <keyboard-shortcut first-keystroke="alt n" />
  </action>
  <action id="GotoLine" />
  <action id="GotoNextError" />
  <action id="GotoRow" />
  <action id="Jdbc.OpenConsole.New" />
  <action id="Jdbc.OpenConsole.New.Generate" />
  <action id="MethodHierarchy.BaseOnThisMethod">
    <keyboard-shortcut first-keystroke="shift ctrl h" />
  </action>
  <action id="NewFile">
    <keyboard-shortcut first-keystroke="alt i" />
  </action>
  <action id="RenameElement">
    <keyboard-shortcut first-keystroke="shift f6" />
    <keyboard-shortcut first-keystroke="alt w" />
    <keyboard-shortcut first-keystroke="f2" />
  </action>
  <action id="SelectInProjectView">
    <keyboard-shortcut first-keystroke="alt t" />
  </action>
  <action id="ShelvedChanges.Rename">
    <keyboard-shortcut first-keystroke="shift f6" />
  </action>
  <action id="Space.Review.CreateDiffComment" />
  <action id="Table-startEditing" />
  <action id="Tree-startEditing" />
  <action id="Vcs.ToggleAmendCommitMode" />
  <action id="XDebugger.SetValue" />
</keymap>