<application>
  <component name="ProjectManager">
    <defaultProject>
      <component name="WindowStateProjectService">
        <state x="356" y="104" width="800" height="715" key="new project wizard" timestamp="1748602279706">
          <screen x="0" y="38" width="1512" height="944" />
        </state>
        <state x="356" y="104" width="800" height="715" key="new project wizard/0.38.1512.944" timestamp="1748602279706" />
      </component>
    </defaultProject>
  </component>
</application>