<application>
  <component name="DimensionService">
    <location key="find.popup.0.0.3024.1964@192dpi" x="1040" y="296" />
    <size key="GridCell.Tab.0.left.0.0.3024.1964@192dpi" width="2860" height="538" />
    <size key="GridCell.Tab.0.center.0.0.3024.1964@192dpi" width="2860" height="538" />
    <size key="GridCell.Tab.0.right.0.0.3024.1964@192dpi" width="2860" height="538" />
    <size key="GridCell.Tab.0.bottom.0.0.3024.1964@192dpi" width="2860" height="538" />
    <size key="find.popup.0.0.3024.1964@192dpi" width="1298" height="1668" />
  </component>
  <component name="WindowManager">
    <frame x="0" y="37" width="1512" height="945" extendedState="6" fullScreen="true" />
  </component>
  <component name="WindowStateApplicationService">
    <state x="756" y="461" width="800" height="655" key="WELCOME_SCREEN" timestamp="1748849664488">
      <screen x="0" y="38" width="1512" height="944" />
    </state>
    <state x="756" y="461" width="800" height="655" key="WELCOME_SCREEN/0.38.1512.944" timestamp="1748849664488" />
    <state width="300" height="524" key="manage.recent.projects.popup" timestamp="1748718467076">
      <screen x="0" y="32" width="1512" height="950" />
    </state>
    <state width="300" height="524" key="manage.recent.projects.popup/0.32.1512.950" timestamp="1748718467076" />
  </component>
</application>