<keymap version="1" name="macOS copy" parent="Mac OS X 10.5+">
  <action id="Arrangement.Alias.Rule.Add">
    <keyboard-shortcut first-keystroke="ctrl enter" />
  </action>
  <action id="Arrangement.Rule.Add">
    <keyboard-shortcut first-keystroke="ctrl enter" />
  </action>
  <action id="Arrangement.Rule.Edit" />
  <action id="BookmarksView.Rename" />
  <action id="ChangesView.Rename">
    <keyboard-shortcut first-keystroke="shift f6" />
  </action>
  <action id="Code.Review.Editor.New.Comment" />
  <action id="CompareClipboardWithSelection">
    <keyboard-shortcut first-keystroke="shift meta x" />
  </action>
  <action id="Console.TableResult.EditValue">
    <keyboard-shortcut first-keystroke="enter" />
    <keyboard-shortcut first-keystroke="alt enter" />
  </action>
  <action id="Console.TableResult.GotoReferencedResult">
    <mouse-shortcut keystroke="button1 doubleClick" />
    <keyboard-shortcut first-keystroke="enter" />
    <keyboard-shortcut first-keystroke="alt enter" />
  </action>
  <action id="FileChooser.NewFolder">
    <keyboard-shortcut first-keystroke="alt insert" />
  </action>
  <action id="FileChooser.TogglePathBar" />
  <action id="FileStructurePopup">
    <keyboard-shortcut first-keystroke="meta f12" />
    <keyboard-shortcut first-keystroke="meta e" />
  </action>
  <action id="FindNext" />
  <action id="Generate">
    <keyboard-shortcut first-keystroke="ctrl enter" />
  </action>
  <action id="Git.Add">
    <keyboard-shortcut first-keystroke="meta alt a" />
    <keyboard-shortcut first-keystroke="shift meta a" />
  </action>
  <action id="Git.Branches">
    <keyboard-shortcut first-keystroke="meta g" />
  </action>
  <action id="Git.Rename.Local.Branch">
    <keyboard-shortcut first-keystroke="shift f6" />
  </action>
  <action id="Git.Reword.Commit">
    <keyboard-shortcut first-keystroke="shift f6" />
  </action>
  <action id="GotoAction" />
  <action id="GotoClass" />
  <action id="GotoDeclaration">
    <keyboard-shortcut first-keystroke="meta b" />
    <mouse-shortcut keystroke="meta button1" />
    <mouse-shortcut keystroke="Force touch" />
    <mouse-shortcut keystroke="button2" />
    <keyboard-shortcut first-keystroke="meta m" />
  </action>
  <action id="GotoFile">
    <keyboard-shortcut first-keystroke="shift meta o" />
    <keyboard-shortcut first-keystroke="meta p" />
  </action>
  <action id="GotoImplementation">
    <keyboard-shortcut first-keystroke="meta alt b" />
    <mouse-shortcut keystroke="meta alt button1" />
    <keyboard-shortcut first-keystroke="meta n" />
  </action>
  <action id="GotoNextError" />
  <action id="InsertLiveTemplate" />
  <action id="MinimizeCurrentWindow" />
  <action id="NewElement">
    <keyboard-shortcut first-keystroke="ctrl enter" />
  </action>
  <action id="ParameterInfo" />
  <action id="RecentFiles" />
  <action id="RecentFilesFallback" />
  <action id="RenameElement">
    <keyboard-shortcut first-keystroke="shift f6" />
    <keyboard-shortcut first-keystroke="f2" />
  </action>
  <action id="SelectInProjectView">
    <keyboard-shortcut first-keystroke="meta o" />
  </action>
  <action id="SelectNextOccurrence">
    <keyboard-shortcut first-keystroke="ctrl g" />
    <keyboard-shortcut first-keystroke="meta j" />
  </action>
  <action id="ServiceView.AddService">
    <keyboard-shortcut first-keystroke="ctrl enter" />
  </action>
  <action id="ShelvedChanges.Rename">
    <keyboard-shortcut first-keystroke="shift f6" />
  </action>
  <action id="SwitcherIterateItems" />
  <action id="SwitcherNextProblemFallback" />
  <action id="SwitcherRecentEditedChangedToggleCheckBox" />
  <action id="Table-startEditing" />
  <action id="Tree-startEditing" />
  <action id="Uml.NewElement">
    <keyboard-shortcut first-keystroke="ctrl enter" />
  </action>
  <action id="WeighingNewGroup">
    <keyboard-shortcut first-keystroke="ctrl enter" />
  </action>
  <action id="XDebugger.SetValue" />
</keymap>