<application>
  <component name="LocalDatabaseDriverManager" version="201">
    <driver id="clickhouse">
      <artifact id="ClickHouse" name="ClickHouse" use="true" version="0.1.50" />
    </driver>
    <driver id="mariadb">
      <artifact id="MariaDB Connector J" name="MariaDB Connector J" use="true" version="2.6.0" />
    </driver>
    <driver id="mysql.8">
      <remarks>k</remarks>
      <artifact id="MySQL Connector/J 8" name="MySQL Connector/J 8" use="true" version="8.0.15" />
    </driver>
    <driver id="postgresql">
      <artifact id="PostgreSQL" name="PostgreSQL" use="true" version="42.6.0" />
    </driver>
  </component>
</application>