<application>
  <component name="FileTypeManager" version="18">
    <extensionMap>
      <mapping pattern="upload" type="AUTO_DETECTED" />
      <mapping pattern=".env.local" type="PLAIN_TEXT" />
      <mapping pattern=".env" type="PLAIN_TEXT" />
      <mapping pattern="apple-developer-merchantid-domain-association" type="PLAIN_TEXT" />
      <mapping pattern=".example.env" type="PLAIN_TEXT" />
      <mapping pattern="config" type="PLAIN_TEXT" />
      <removed_mapping ext="ejs" approved="true" type="JavaScript" />
    </extensionMap>
  </component>
</application>