<application>
  <component name="LanguageInjectionConfiguration">
    <injection language="CSS" injector-id="js">
      <display-name>CSS colors</display-name>
      <prefix>div { color:</prefix>
      <suffix>;}</suffix>
      <single-file value="true" />
      <place disabled="true"><![CDATA[jsLiteralExpression().withText(string().matchesBrics("[\"'`](((hsla?|rgba?|hwb)\\(([0-9.,%\t]| )*\\))|(\\#(([0-9]|A|B|C|D|E|F){3}|([0-9]|A|B|C|D|E|F){6}|([0-9]|A|B|C|D|E|F){8})))[\"'`]"))]]></place>
    </injection>
    <injection language="HTML" injector-id="js">
      <display-name>HTML in JS strings</display-name>
      <single-file value="true" />
      <place disabled="true"><![CDATA[isHtmlLikeText()]]></place>
    </injection>
    <injection language="SQLite" injector-id="js">
      <display-name>HTML5 SQL Database (SQLite)</display-name>
      <single-file value="true" />
      <place disabled="true"><![CDATA[jsLiteralExpression().and(jsArgument("executeSql", 0))]]></place>
    </injection>
    <injection language="JQuery-CSS" injector-id="js">
      <display-name>JQuery selectors</display-name>
      <suffix><![CDATA[{}]]></suffix>
      <single-file value="true" />
      <place disabled="true"><![CDATA[jqueryArgument()]]></place>
    </injection>
    <injection language="JavaScript" injector-id="js">
      <display-name>JavaScript in 'setInterval'</display-name>
      <single-file value="true" />
      <place disabled="true"><![CDATA[jsArgument(jsReferenceExpression().withQualifiedName("setInterval"), 0)]]></place>
      <place disabled="true"><![CDATA[jsArgument(jsReferenceExpression().withQualifiedName("window.setInterval"), 0)]]></place>
    </injection>
    <injection language="JavaScript" injector-id="js">
      <display-name>JavaScript in 'setTimeout'</display-name>
      <single-file value="true" />
      <place disabled="true"><![CDATA[jsArgument(jsReferenceExpression().withQualifiedName("setTimeout"), 0)]]></place>
      <place disabled="true"><![CDATA[jsArgument(jsReferenceExpression().withQualifiedName("window.setTimeout"), 0)]]></place>
    </injection>
    <injection language="JSRegexp" injector-id="js">
      <display-name>Regexp constructor</display-name>
      <single-file value="true" />
      <place disabled="true"><![CDATA[jsArgument("RegExp", 0)]]></place>
    </injection>
    <injection language="JSUnicodeRegexp" injector-id="js">
      <display-name>Regexp constructor with Unicode flag</display-name>
      <single-file value="true" />
      <place disabled="true"><![CDATA[jsArgument("RegExp", 0).withSuperParent(2, jsCallExpression().withArgument(jsLiteralExpression().withText(hasUnicodeRegexpFlag()), 1))]]></place>
    </injection>
    <injection language="SQL" injector-id="js">
      <display-name>SQL select/delete/insert/update/create</display-name>
      <single-file value="true" />
      <place disabled="true"><![CDATA[jsLiteralExpression().withText(string().matchesBrics("[\"'`] *(((SELECT|DELETE) .*FROM)|((INSERT|REPLACE) .*INTO)|(UPDATE .* SET)|((CREATE|DROP|ALTER) +((TEMPORARY )?TABLE|(UNIQUE )?INDEX))) .*[\"'`]?"))]]></place>
    </injection>
    <injection language="SQL" injector-id="js">
      <display-name>SQL tagged string</display-name>
      <single-file value="true" />
      <place disabled="true"><![CDATA[taggedString("sql")]]></place>
      <templateTag>sql</templateTag>
    </injection>
    <injection language="SQLite" injector-id="js">
      <display-name>flash.data (SQLite)</display-name>
      <single-file value="true" />
      <place disabled="true"><![CDATA[jsLiteralExpression().and(asAssignedValue("text", "*", "dbStatement"))]]></place>
      <place disabled="true"><![CDATA[jsLiteralExpression().and(asAssignedValue("text", "*", "statement", "st").withText(string().matchesBrics("[\"'`] *(((SELECT|DELETE) .*FROM)|((INSERT|REPLACE) .*INTO)|(UPDATE .*SET)|((CREATE|DROP|ALTER) +(TABLE|INDEX))) .*[\"'`]?")))]]></place>
      <place disabled="true"><![CDATA[jsLiteralExpression().and(asAssignedValue("text", "flash.data.SQLStatement"))]]></place>
    </injection>
    <injection language="HTML" injector-id="php">
      <display-name>&quot;&lt;html&gt;&quot;</display-name>
      <single-file value="true" />
      <place disabled="true"><![CDATA[and(not(phpLiteralExpression().withSuperParent(2, phpFunctionReference().withName(or(string().startsWith("strip_tags"), string().startsWith("preg_"))))), phpLiteralMatchesBrics(".*\\</?<anyname>( .*)?(/)?>.*"))]]></place>
    </injection>
    <injection language="SQL" injector-id="php">
      <display-name>&quot;SQL select/delete/insert/update/create&quot;</display-name>
      <single-file value="true" />
      <place disabled="true"><![CDATA[and(not(phpLiteralExpression("DQL")), phpLiteralMatchesBrics(" *(((SELECT|DELETE) .*FROM)|((INSERT|REPLACE) .*INTO)|(UPDATE ~(.*[A-Za-z_][A-Za-z0-9_]*(\\\\|:)[A-Za-z_].*) SET)|((CREATE|DROP|ALTER) +((TEMPORARY )?TABLE|(UNIQUE )?INDEX))) ~(.*[A-Za-z_][A-Za-z0-9_]*(\\\\|:)[A-Za-z_].*)"))]]></place>
    </injection>
    <injection language="CSS" injector-id="php">
      <display-name>&lt;&lt;&lt; CSS</display-name>
      <single-file value="true" />
      <place disabled="true"><![CDATA[phpLiteralExpression("CSS")]]></place>
    </injection>
    <injection language="DQL" injector-id="php">
      <display-name>&lt;&lt;&lt; DQL</display-name>
      <single-file value="true" />
      <place disabled="true"><![CDATA[phpLiteralExpression("DQL")]]></place>
    </injection>
    <injection language="HTML" injector-id="php">
      <display-name>&lt;&lt;&lt; HTML</display-name>
      <single-file value="true" />
      <place disabled="true"><![CDATA[phpLiteralExpression("HTML")]]></place>
    </injection>
    <injection language="JavaScript" injector-id="php">
      <display-name>&lt;&lt;&lt; JS</display-name>
      <single-file value="true" />
      <place disabled="true"><![CDATA[phpLiteralExpression("JS")]]></place>
    </injection>
    <injection language="PhpRegExp" injector-id="php">
      <display-name>&lt;&lt;&lt; REGEXP</display-name>
      <single-file value="true" />
      <place disabled="true"><![CDATA[phpLiteralExpression("REGEXP")]]></place>
    </injection>
    <injection language="SQL" injector-id="php">
      <display-name>&lt;&lt;&lt; SQL</display-name>
      <single-file value="true" />
      <place disabled="true"><![CDATA[phpLiteralExpression("SQL")]]></place>
    </injection>
    <injection language="XML" injector-id="php">
      <display-name>&lt;&lt;&lt; XML</display-name>
      <single-file value="true" />
      <place disabled="true"><![CDATA[phpLiteralExpression("XML")]]></place>
    </injection>
    <injection language="PhpRegExp" injector-id="php">
      <display-name>PHP RegExp in preg_* functions first argument</display-name>
      <single-file value="true" />
      <place disabled="true"><![CDATA[phpFirstArgument(phpWithName(string().oneOf("preg_filter", "preg_grep", "preg_match_all", "preg_match", "preg_replace_callback", "preg_replace", "preg_split")))]]></place>
    </injection>
    <injection language="JSON" injector-id="sql" pattern="(?i)json(b)?">
      <display-name>(?i)json(b)?</display-name>
      <single-file value="true" />
    </injection>
    <injection language="PostgreSQL" injector-id="sql" pattern="(?i)regclass" fragment="SQL_TABLE_REFERENCE" hosts="PostgreSQL">
      <display-name>(?i)regclass</display-name>
      <single-file value="true" />
    </injection>
    <injection language="PostgreSQL" injector-id="sql" pattern="(?i)regconfig" fragment="SQL_REFERENCE" hosts="PostgreSQL">
      <display-name>(?i)regconfig</display-name>
      <single-file value="true" />
    </injection>
    <injection language="PostgreSQL" injector-id="sql" pattern="(?i)regdictionary" fragment="SQL_REFERENCE" hosts="PostgreSQL">
      <display-name>(?i)regdictionary</display-name>
      <single-file value="true" />
    </injection>
    <injection language="PostgreSQL" injector-id="sql" pattern="(?i)regnamespace" fragment="SQL_SCHEMA_REFERENCE" hosts="PostgreSQL">
      <display-name>(?i)regnamespace</display-name>
      <single-file value="true" />
    </injection>
  </component>
</application>