<application>
  <component name="Trusted.Paths">
    <option name="TRUSTED_PROJECT_PATHS">
      <map>
        <entry key="$USER_HOME$/Downloads/New chrome/New chrome" value="true" />
        <entry key="$USER_HOME$/Projects/backups-sync" value="true" />
        <entry key="$USER_HOME$/Projects/demo" value="true" />
        <entry key="$USER_HOME$/Projects/insta" value="true" />
        <entry key="$USER_HOME$/Projects/iq/service" value="true" />
        <entry key="$USER_HOME$/Projects/tauri-xxx" value="true" />
        <entry key="$USER_HOME$/Projects/wix" value="true" />
        <entry key="$USER_HOME$/Projects/wix/network-admin" value="true" />
        <entry key="$USER_HOME$/Projects/wix/proxy-admin" value="true" />
        <entry key="/tmp/demo" value="true" />
      </map>
    </option>
  </component>
  <component name="Trusted.Paths.Settings">
    <option name="TRUSTED_PATHS">
      <list>
        <option value="$USER_HOME$/Projects/wix" />
      </list>
    </option>
  </component>
</application>