<application>
  <component name="DimensionService">
    <location key="FileChooserDialogImpl.0.0.3000.2000@192dpi" x="1072" y="358" />
    <location key="WELCOME_SCREEN.0.0.3000.2000@192dpi" x="1498" y="826" />
    <location key="com.intellij.ide.util.TipDialog.0.0.3000.2000@192dpi" x="870" y="648" />
    <location key="search.everywhere.popup.0.0.3000.2000@192dpi" x="826" y="422" />
    <location key="SettingsEditor.0.0.3000.2000@192dpi" x="270" y="242" />
    <location key="#com.intellij.execution.impl.EditConfigurationsDialog.0.0.3000.2000@192dpi" x="700" y="382" />
    <location key="CommitChangelistDialog2.0.0.3000.2000@192dpi" x="778" y="168" />
    <location key="git4idea.ui.GitStashDialog.0.0.3000.2000@192dpi" x="956" y="792" />
    <location key="Vcs.Push.Dialog.0.0.3000.2000@192dpi" x="864" y="450" />
    <location key="find.popup.0.0.3000.2000@192dpi" x="620" y="342" />
    <location key="#com.intellij.ide.util.MemberChooser.0.0.3000.2000@192dpi" x="1122" y="424" />
    <location key="com.intellij.database.view.ui.AbstractDbRefactoringDialog.0.0.3000.2000@192dpi" x="930" y="358" />
    <location key="com.intellij.database.actions.DdlActions$DeleteProvider2$1.0.0.3000.2000@192dpi" x="1224" y="746" />
    <location key="#com.intellij.refactoring.safeDelete.UnsafeUsagesDialog.0.0.3000.2000@192dpi" x="972" y="486" />
    <location key="com.intellij.database.psi.DbRenamePsiElementProcessor.DbRenameDialog.0.0.3000.2000@192dpi" x="1066" y="640" />
    <location key="com.intellij.openapi.vcs.update.UpdateOrStatusOptionsDialogupdate.0.0.3000.2000@192dpi" x="1022" y="784" />
    <location key="#SQL_Dialects.0.0.3000.2000@192dpi" x="696" y="308" />
    <location key="#com.jetbrains.php.actions.copyPaste.importReferences.PhpImportReferencesDialog.0.0.3000.2000@192dpi" x="972" y="502" />
    <location key="NewPhpClassDialog.0.0.3000.2000@192dpi" x="954" y="1048" />
    <location key="ProcessPopupWindow.0.0.3000.2000@192dpi" x="2196" y="1708" />
    <location key="com.intellij.openapi.editor.actions.MultiplePasteAction$ClipboardContentChooser.0.0.3000.2000@192dpi" x="690" y="264" />
    <location key="run.anything.popup.0.0.3000.2000@192dpi" x="828" y="442" />
    <location key="#com.intellij.fileTypes.FileTypeChooser.0.0.3000.2000@192dpi" x="914" y="598" />
    <location key="recent.locations.popup.0.0.3000.2000@192dpi" x="798" y="414" />
    <location key="DiffContextDialog.0.0.3000.2000@192dpi" x="292" y="188" />
    <location key="com.intellij.database.dbimport.ImportDialog.0.0.3000.2000@192dpi" x="672" y="302" />
    <location key="NewPhpFileDialog.0.0.3000.2000@192dpi" x="1140" y="838" />
    <location key="RollbackChangesDialog.0.0.3000.2000@192dpi" x="1148" y="410" />
    <location key="#com.intellij.refactoring.rename.AutomaticRenamingDialog.0.0.3000.2000@192dpi" x="494" y="0" />
    <location key="DUMP_DIALOG_DIMENSION_KEY.0.0.3000.2000@192dpi" x="872" y="602" />
    <location key="git4idea.merge.GitMergeDialog.0.0.3000.2000@192dpi" x="1080" y="574" />
    <location key="#Inspections.0.0.3000.2000@192dpi" x="696" y="308" />
    <location key="com.intellij.database.run.ParametersPanel.Standalone.0.0.3000.2000@192dpi" x="1020" y="500" />
    <location key="vcs.readOnlyHandler.ReadOnlyStatusDialog.0.0.3000.2000@192dpi" x="956" y="696" />
    <location key="VcsDiffUtil.ChangesDialog.0.0.3000.2000@192dpi" x="794" y="460" />
    <location key="VCS.ChangelistChooser.0.0.3000.2000@192dpi" x="1202" y="822" />
    <location key="org.intellij.images.editor.actions.BackgroundImageDialog.0.0.3000.2000@192dpi" x="840" y="686" />
    <location key="find.popup.0.0.1600.1024" x="484" y="240" />
    <size key="FileChooserDialogImpl.0.0.3000.2000@192dpi" width="848" height="956" />
    <size key="search.everywhere.popup.0.0.3000.2000@192dpi" width="1344" height="1356" />
    <size key="SettingsEditor.0.0.3000.2000@192dpi" width="2036" height="1448" />
    <size key="#com.intellij.execution.impl.EditConfigurationsDialog.0.0.3000.2000@192dpi" width="1600" height="1342" />
    <size key="GridCell.Tab.0.left.0.0.3000.2000@192dpi" width="2000" height="446" />
    <size key="GridCell.Tab.0.center.0.0.3000.2000@192dpi" width="2000" height="446" />
    <size key="GridCell.Tab.0.right.0.0.3000.2000@192dpi" width="2000" height="446" />
    <size key="GridCell.Tab.0.bottom.0.0.3000.2000@192dpi" width="2000" height="446" />
    <size key="CommitChangelistDialog2.0.0.3000.2000@192dpi" width="1436" height="1624" />
    <size key="git4idea.ui.GitStashDialog.0.0.3000.2000@192dpi" width="1086" height="374" />
    <size key="Vcs.Push.Dialog.0.0.3000.2000@192dpi" width="1270" height="1096" />
    <size key="find.popup.0.0.3000.2000@192dpi" width="1802" height="1246" />
    <size key="#com.intellij.ide.util.MemberChooser.0.0.3000.2000@192dpi" width="748" height="1112" />
    <size key="com.intellij.database.view.ui.AbstractDbRefactoringDialog.0.0.3000.2000@192dpi" width="1132" height="1244" />
    <size key="com.intellij.database.actions.DdlActions$DeleteProvider2$1.0.0.3000.2000@192dpi" width="544" height="468" />
    <size key="#com.intellij.refactoring.safeDelete.UnsafeUsagesDialog.0.0.3000.2000@192dpi" width="1048" height="988" />
    <size key="com.intellij.database.psi.DbRenamePsiElementProcessor.DbRenameDialog.0.0.3000.2000@192dpi" width="858" height="660" />
    <size key="com.intellij.openapi.vcs.update.UpdateOrStatusOptionsDialogupdate.0.0.3000.2000@192dpi" width="954" height="392" />
    <size key="#SQL_Dialects.0.0.3000.2000@192dpi" width="1600" height="1342" />
    <size key="#com.jetbrains.php.actions.copyPaste.importReferences.PhpImportReferencesDialog.0.0.3000.2000@192dpi" width="1048" height="956" />
    <size key="NewPhpClassDialog.0.0.3000.2000@192dpi" width="1044" height="708" />
    <size key="ProcessPopupWindow.0.0.3000.2000@192dpi" width="800" height="232" />
    <size key="com.intellij.openapi.editor.actions.MultiplePasteAction$ClipboardContentChooser.0.0.3000.2000@192dpi" width="1610" height="1430" />
    <size key="#com.intellij.fileTypes.FileTypeChooser.0.0.3000.2000@192dpi" width="1176" height="764" />
    <size key="HiddenNamespacesPopup.0.0.3000.2000@192dpi" width="450" height="914" />
    <size key="recent.locations.popup.0.0.3000.2000@192dpi" width="1400" height="1060" />
    <size key="DiffContextDialog.0.0.3000.2000@192dpi" width="2400" height="1604" />
    <size key="com.intellij.database.dbimport.ImportDialog.0.0.3000.2000@192dpi" width="1648" height="1356" />
    <size key="NewPhpFileDialog.0.0.3000.2000@192dpi" width="712" height="282" />
    <size key="RollbackChangesDialog.0.0.3000.2000@192dpi" width="686" height="1158" />
    <size key="#com.intellij.refactoring.rename.AutomaticRenamingDialog.0.0.3000.2000@192dpi" width="1996" height="1944" />
    <size key="DUMP_DIALOG_DIMENSION_KEY.0.0.3000.2000@192dpi" width="1248" height="756" />
    <size key="run.anything.popup.0.0.3000.2000@192dpi" width="1344" height="1354" />
    <size key="git4idea.merge.GitMergeDialog.0.0.3000.2000@192dpi" width="840" height="810" />
    <size key="#Inspections.0.0.3000.2000@192dpi" width="1600" height="1342" />
    <size key="com.intellij.database.run.ParametersPanel.Standalone.0.0.3000.2000@192dpi" width="952" height="960" />
    <size key="vcs.readOnlyHandler.ReadOnlyStatusDialog.0.0.3000.2000@192dpi" width="1080" height="568" />
    <size key="VcsDiffUtil.ChangesDialog.0.0.3000.2000@192dpi" width="1404" height="1038" />
    <size key="VCS.ChangelistChooser.0.0.3000.2000@192dpi" width="586" height="316" />
    <size key="org.intellij.images.editor.actions.BackgroundImageDialog.0.0.3000.2000@192dpi" width="1424" height="974" />
    <size key="GridCell.Tab.0.left.0.0.1600.1024" width="1281" height="390" />
    <size key="GridCell.Tab.0.center.0.0.1600.1024" width="1281" height="390" />
    <size key="GridCell.Tab.0.right.0.0.1600.1024" width="1281" height="390" />
    <size key="GridCell.Tab.0.bottom.0.0.1600.1024" width="1281" height="390" />
    <size key="find.popup.0.0.1600.1024" width="725" height="574" />
    <size key="GridCell.Tab.1.left.0.0.3000.2000@192dpi" width="2916" height="692" />
    <size key="GridCell.Tab.1.center.0.0.3000.2000@192dpi" width="2916" height="692" />
    <size key="GridCell.Tab.1.right.0.0.3000.2000@192dpi" width="2916" height="692" />
    <size key="GridCell.Tab.1.bottom.0.0.3000.2000@192dpi" width="2916" height="692" />
  </component>
  <component name="WindowManager">
    <frame x="0" y="0" width="1500" height="970" extendedState="6" />
  </component>
  <component name="WindowStateApplicationService">
    <state width="546" height="169" key="ShowUsagesActions.dimensionServiceKey" timestamp="1739367044447">
      <screen x="0" y="0" width="1500" height="970" />
    </state>
    <state width="546" height="169" key="ShowUsagesActions.dimensionServiceKey/0.0.1500.970" timestamp="1739367044447" />
  </component>
</application>